数据集,模型,缺失率,预测长度,mse,mae
AL,DUET,0,12,0.08760970085859299,0.19188621640205383
AL,DUET,0,24,0.1280279904603958,0.21767014265060425
AL,DUET,0,48,0.17811380326747894,0.2534215450286865
AL,DUET,5,12,0.08760970085859299,0.19188621640205383
AL,DUET,5,24,0.1280279904603958,0.21767014265060425
AL,DUET,5,48,0.17811380326747894,0.2534215450286865
AL,DUET,10,12,0.08760970085859299,0.19188621640205383
AL,DUET,10,24,0.1280279904603958,0.21767014265060425
AL,DUET,10,48,0.17811380326747894,0.2534215450286865
AL,DUET,20,12,0.08760970085859299,0.19188621640205383
AL,v1,0,12,0.059688299894332886,0.12223504483699799
AL,v1,0,24,0.11328951269388199,0.17914548516273499
AL,v1,0,48,0.17603670060634613,0.22035275399684906
AL,v1,5,12,0.05972495302557945,0.12228723615407944
AL,v1,5,24,0.11326040327548981,0.17916853725910187
AL,v1,5,48,0.17608268558979034,0.22039839625358582
AL,v1,10,12,0.0597003810107708,0.12224558740854263
AL,v1,10,24,0.11327487975358963,0.17921268939971924
AL,v1,10,48,0.17605680227279663,0.2203492671251297
AL,v1,20,12,0.05967692285776138,0.1222013309597969
AL,v1,20,24,0.11330332607030869,0.1791340857744217
AL,v1,20,48,0.17603272199630737,0.22039267420768738
AL,v1,30,12,0.05967714637517929,0.12217199057340622
AL,v1,30,24,0.11321422457695007,0.17909307777881622
AL,v1,30,48,0.17613710463047028,0.22041790187358856
AL,v1,50,12,0.05964433029294014,0.12215588986873627
AL,v1,50,24,0.11322518438100815,0.17903144657611847
AL,v1,50,48,0.17613743245601654,0.22042806446552277
AL,v1,80,12,0.05967426672577858,0.12221350520849228
AL,v1,80,24,0.11320216953754425,0.17908884584903717
AL,v1,80,48,0.1761116087436676,0.22046762704849243
ETTh1,DUET,0,96,0.4358794093132019,0.45753777027130127
ETTh1,DUET,0,96,0.4358794093132019,0.45753777027130127
ETTh1,DUET,0,192,0.5221260786056519,0.5152621269226074
ETTh1,DUET,0,192,0.5221260786056519,0.5152621269226074
ETTh1,DUET,0,336,0.5705112218856812,0.5428572297096252
ETTh1,DUET,0,336,0.5705112218856812,0.5428572297096252
ETTh1,DUET,0,720,0.7223784923553467,0.6334362626075745
ETTh1,DUET,0,720,0.7223784923553467,0.6334362626075745
ETTh1,DUET,5,96,0.4510292112827301,0.47164303064346313
ETTh1,DUET,5,96,0.4510292112827301,0.47164303064346313
ETTh1,DUET,5,192,0.49735599756240845,0.5011163949966431
ETTh1,DUET,5,192,0.49735599756240845,0.5011163949966431
ETTh1,DUET,5,336,0.568484365940094,0.5434572100639343
ETTh1,DUET,5,336,0.568484365940094,0.5434572100639343
ETTh1,DUET,5,720,0.7323047518730164,0.6355757713317871
ETTh1,DUET,5,720,0.7323047518730164,0.6355757713317871
ETTh1,DUET,10,96,0.49901434779167175,0.4980086386203766
ETTh1,DUET,10,96,0.49901434779167175,0.4980086386203766
ETTh1,DUET,10,192,0.5715214610099792,0.5364227294921875
ETTh1,DUET,10,192,0.5715214610099792,0.5364227294921875
ETTh1,DUET,10,336,0.5659694075584412,0.5439509749412537
ETTh1,DUET,10,336,0.5659694075584412,0.5439509749412537
ETTh1,DUET,10,720,0.723175048828125,0.6287665367126465
ETTh1,DUET,10,720,0.723175048828125,0.6287665367126465
ETTh1,DUET,20,96,0.5545394420623779,0.5156066417694092
ETTh1,DUET,20,96,0.5545394420623779,0.5156066417694092
ETTh1,DUET,20,192,0.5478317141532898,0.528500497341156
ETTh1,DUET,20,192,0.5478317141532898,0.528500497341156
ETTh1,DUET,20,336,0.598987340927124,0.5585975050926208
ETTh1,DUET,20,336,0.598987340927124,0.5585975050926208
ETTh1,DUET,20,720,0.7609940767288208,0.6411250233650208
ETTh1,DUET,20,720,0.7609940767288208,0.6411250233650208
ETTh1,DUET,30,96,0.5436798930168152,0.5202814340591431
ETTh1,DUET,30,96,0.5436798930168152,0.5202814340591431
ETTh1,DUET,30,192,0.6093909740447998,0.5578970313072205
ETTh1,DUET,30,192,0.6093909740447998,0.5578970313072205
ETTh1,DUET,30,336,0.6566908955574036,0.579638659954071
ETTh1,DUET,30,336,0.6566908955574036,0.579638659954071
ETTh1,DUET,30,720,0.8047875165939331,0.658568263053894
ETTh1,DUET,30,720,0.8047875165939331,0.658568263053894
ETTh1,DUET,50,96,0.7745980024337769,0.6303956508636475
ETTh1,DUET,50,96,0.7745980024337769,0.6303956508636475
ETTh1,DUET,50,192,0.8088749051094055,0.6436329483985901
ETTh1,DUET,50,192,0.8088749051094055,0.6436329483985901
ETTh1,DUET,50,336,0.8792815804481506,0.6723236441612244
ETTh1,DUET,50,336,0.8792815804481506,0.6723236441612244
ETTh1,DUET,50,720,1.1065022945404053,0.7740634679794312
ETTh1,DUET,50,720,1.1065022945404053,0.7740634679794312
ETTh1,DUET,80,96,2.607700824737549,1.1888090372085571
ETTh1,DUET,80,96,2.607700824737549,1.1888090372085571
ETTh1,DUET,80,192,2.680248975753784,1.1883628368377686
ETTh1,DUET,80,192,2.680248975753784,1.1883628368377686
ETTh1,DUET,80,336,2.619245767593384,1.1634740829467773
ETTh1,DUET,80,336,2.619245767593384,1.1634740829467773
ETTh1,DUET,80,720,4.195545673370361,1.547203540802002
ETTh1,DUET,80,720,4.195545673370361,1.547203540802002
ETTh1,SEED,0,96,0.4441305100917816,0.4532774090766907
ETTh1,SEED,0,192,0.4975639879703522,0.4907137453556061
ETTh1,SEED,0,336,0.5398546457290649,0.5248802304267883
ETTh1,SEED,0,720,0.6898612976074219,0.6170679926872253
ETTh1,SEED,5,96,0.46045631170272827,0.4645060896873474
ETTh1,SEED,5,192,0.5105399489402771,0.49825388193130493
ETTh1,SEED,5,336,0.5562089681625366,0.528907060623169
ETTh1,SEED,5,720,0.7021166682243347,0.6165804266929626
ETTh1,SEED,10,96,0.46438923478126526,0.46937915682792664
ETTh1,SEED,10,192,0.516285240650177,0.5022128224372864
ETTh1,SEED,10,336,0.56232750415802,0.5298374891281128
ETTh1,SEED,10,720,0.7198818325996399,0.6221075057983398
ETTh1,SEED,20,96,0.5067839026451111,0.49408844113349915
ETTh1,SEED,20,192,0.5567985773086548,0.5218896865844727
ETTh1,SEED,20,336,0.5878148078918457,0.5383758544921875
ETTh1,SEED,20,720,0.7639919519424438,0.6307375431060791
ETTh1,SEED,30,96,0.581842839717865,0.5310825109481812
ETTh1,SEED,30,192,0.6218774318695068,0.5523757338523865
ETTh1,SEED,30,336,0.6140691637992859,0.5475753545761108
ETTh1,SEED,30,720,0.7630161046981812,0.6330475211143494
ETTh1,SEED,50,96,0.8026738166809082,0.6342026591300964
ETTh1,SEED,50,192,0.8584666848182678,0.6538020968437195
ETTh1,SEED,50,336,0.779539167881012,0.6164481043815613
ETTh1,SEED,50,720,0.977462112903595,0.7115135192871094
ETTh1,SEED,80,96,2.458449363708496,1.0856246948242188
ETTh1,SEED,80,192,2.588168144226074,1.1152088642120361
ETTh1,SEED,80,336,2.2776260375976562,1.0437238216400146
ETTh1,SEED,80,720,2.787815570831299,1.1743433475494385
ETTh1,TQNet,0,96,0.4265294075012207,0.44624224305152893
ETTh1,TQNet,0,192,0.4853229522705078,0.4893737733364105
ETTh1,TQNet,0,336,0.5413034558296204,0.5251522660255432
ETTh1,TQNet,0,720,0.6993063688278198,0.6149313449859619
ETTh1,TQNet,5,96,0.4383881390094757,0.4552692174911499
ETTh1,TQNet,5,192,0.49536100029945374,0.49411964416503906
ETTh1,TQNet,5,336,0.5525130033493042,0.5275934338569641
ETTh1,TQNet,5,720,0.7048805356025696,0.6197382807731628
ETTh1,TQNet,10,96,0.43656474351882935,0.4558986723423004
ETTh1,TQNet,10,192,0.49399933218955994,0.4949725866317749
ETTh1,TQNet,10,336,0.5480446219444275,0.5281162858009338
ETTh1,TQNet,10,720,0.6916375756263733,0.6137656569480896
ETTh1,TQNet,20,96,0.46927011013031006,0.47729793190956116
ETTh1,TQNet,20,192,0.5268178582191467,0.5104531049728394
ETTh1,TQNet,20,336,0.5811892747879028,0.5421637892723083
ETTh1,TQNet,20,720,0.7244277000427246,0.6239681839942932
ETTh1,TQNet,30,96,0.5274336934089661,0.5027704834938049
ETTh1,TQNet,30,192,0.5795608758926392,0.5327853560447693
ETTh1,TQNet,30,336,0.6408080458641052,0.5664690136909485
ETTh1,TQNet,30,720,0.7720665335655212,0.6405977606773376
ETTh1,TQNet,50,96,0.7467291355133057,0.6103430986404419
ETTh1,TQNet,50,192,0.7789989113807678,0.6263972520828247
ETTh1,TQNet,50,336,0.8434464335441589,0.6551498770713806
ETTh1,TQNet,50,720,1.0267443656921387,0.741277813911438
ETTh1,TQNet,80,96,2.201847553253174,1.0292580127716064
ETTh1,TQNet,80,192,2.2861156463623047,1.0518704652786255
ETTh1,TQNet,80,336,2.375722646713257,1.0799214839935303
ETTh1,TQNet,80,720,2.8122575283050537,1.1930906772613525
ETTh1,TimeFilter,0,96,0.44385644793510437,0.45132356882095337
ETTh1,TimeFilter,0,192,0.49190184473991394,0.48399484157562256
ETTh1,TimeFilter,0,336,0.5504883527755737,0.5207439661026001
ETTh1,TimeFilter,0,720,0.7044768333435059,0.6119490265846252
ETTh1,TimeFilter,5,96,0.4574268162250519,0.46223804354667664
ETTh1,TimeFilter,5,192,0.4957611560821533,0.49002665281295776
ETTh1,TimeFilter,5,336,0.5553712248802185,0.5260801911354065
ETTh1,TimeFilter,5,720,0.6951484084129333,0.6095370650291443
ETTh1,TimeFilter,10,96,0.45734903216362,0.46357476711273193
ETTh1,TimeFilter,10,192,0.504722535610199,0.49421465396881104
ETTh1,TimeFilter,10,336,0.5537643432617188,0.5257603526115417
ETTh1,TimeFilter,10,720,0.6988354921340942,0.6130192279815674
ETTh1,TimeFilter,20,96,0.4853419363498688,0.4767446219921112
ETTh1,TimeFilter,20,192,0.5497970581054688,0.5158722400665283
ETTh1,TimeFilter,20,336,0.5903329253196716,0.541771411895752
ETTh1,TimeFilter,20,720,0.7274453639984131,0.6205439567565918
ETTh1,TimeFilter,30,96,0.5362053513526917,0.503314197063446
ETTh1,TimeFilter,30,192,0.5848062038421631,0.53188556432724
ETTh1,TimeFilter,30,336,0.638824999332428,0.5622768998146057
ETTh1,TimeFilter,30,720,0.7722339630126953,0.6367030739784241
ETTh1,TimeFilter,50,96,0.7855479121208191,0.6353574991226196
ETTh1,TimeFilter,50,192,0.8035908937454224,0.6380181312561035
ETTh1,TimeFilter,50,336,0.8647258281707764,0.6647883057594299
ETTh1,TimeFilter,50,720,1.035085916519165,0.7350941300392151
ETTh1,TimeFilter,80,96,2.4717960357666016,1.1032593250274658
ETTh1,TimeFilter,80,192,2.5845346450805664,1.1407469511032104
ETTh1,TimeFilter,80,336,2.7038016319274902,1.1553893089294434
ETTh1,TimeFilter,80,720,2.98696231842041,1.2549662590026855
ETTh1,v1,0,96,0.41888514161109924,0.4469794034957886
ETTh1,v1,0,192,0.48731115460395813,0.49048593640327454
ETTh1,v1,0,336,0.5387895703315735,0.5244909524917603
ETTh1,v1,0,720,0.7042123079299927,0.6268734931945801
ETTh1,v1,5,96,0.4187934994697571,0.452073335647583
ETTh1,v1,5,192,0.48031172156333923,0.4912024736404419
ETTh1,v1,5,336,0.5526503324508667,0.5349998474121094
ETTh1,v1,5,720,0.6949378848075867,0.6233094930648804
ETTh1,v1,10,96,0.43625521659851074,0.46393758058547974
ETTh1,v1,10,192,0.4855816066265106,0.4968738853931427
ETTh1,v1,10,336,0.534877359867096,0.5288338661193848
ETTh1,v1,10,720,0.6902920007705688,0.62037193775177
ETTh1,v1,20,96,0.45700496435165405,0.4747472107410431
ETTh1,v1,20,192,0.5067870616912842,0.5074821710586548
ETTh1,v1,20,336,0.5630156993865967,0.5403909087181091
ETTh1,v1,20,720,0.6915465593338013,0.6170111894607544
ETTh1,v1,30,96,0.4911985993385315,0.4895011782646179
ETTh1,v1,30,192,0.5602219700813293,0.5299312472343445
ETTh1,v1,30,336,0.6005392670631409,0.5534626841545105
ETTh1,v1,30,720,0.7471945881843567,0.6349658370018005
ETTh1,v1,50,96,0.6148561239242554,0.5564984679222107
ETTh1,v1,50,192,0.6738607883453369,0.5838374495506287
ETTh1,v1,50,336,0.7461934089660645,0.6198805570602417
ETTh1,v1,50,720,0.9570937752723694,0.7133063077926636
ETTh1,v1,80,96,1.6747568845748901,0.9111399054527283
ETTh1,v1,80,192,1.845838189125061,0.9676490426063538
ETTh1,v1,80,336,1.9851839542388916,1.008723258972168
ETTh1,v1,80,720,2.322817325592041,1.1166538000106812
ETTh2,DUET,0,96,0.18864570558071136,0.2983507812023163
ETTh2,DUET,0,96,0.18864570558071136,0.2983507812023163
ETTh2,DUET,0,192,0.23284296691417694,0.3306691646575928
ETTh2,DUET,0,192,0.23284296691417694,0.3306691646575928
ETTh2,DUET,0,336,0.26096296310424805,0.3542886972427368
ETTh2,DUET,0,336,0.26096296310424805,0.3542886972427368
ETTh2,DUET,0,720,0.3445482850074768,0.4097133278846741
ETTh2,DUET,0,720,0.3445482850074768,0.4097133278846741
ETTh2,DUET,5,96,0.16683191061019897,0.2895036041736603
ETTh2,DUET,5,96,0.16683191061019897,0.2895036041736603
ETTh2,DUET,5,192,0.18990394473075867,0.3062324821949005
ETTh2,DUET,5,192,0.18990394473075867,0.3062324821949005
ETTh2,DUET,5,336,0.2065545618534088,0.3210207521915436
ETTh2,DUET,5,336,0.2065545618534088,0.3210207521915436
ETTh2,DUET,5,720,0.28133848309516907,0.38004153966903687
ETTh2,DUET,5,720,0.28133848309516907,0.38004153966903687
ETTh2,DUET,10,96,0.15270963311195374,0.2834109961986542
ETTh2,DUET,10,96,0.15270963311195374,0.2834109961986542
ETTh2,DUET,10,192,0.1698380559682846,0.29707807302474976
ETTh2,DUET,10,192,0.1698380559682846,0.29707807302474976
ETTh2,DUET,10,336,0.18289461731910706,0.30846962332725525
ETTh2,DUET,10,336,0.18289461731910706,0.30846962332725525
ETTh2,DUET,10,720,0.22642317414283752,0.3437887132167816
ETTh2,DUET,10,720,0.22642317414283752,0.3437887132167816
ETTh2,DUET,20,96,0.21858608722686768,0.3491728901863098
ETTh2,DUET,20,96,0.21858608722686768,0.3491728901863098
ETTh2,DUET,20,192,0.16791747510433197,0.302909255027771
ETTh2,DUET,20,192,0.16791747510433197,0.302909255027771
ETTh2,DUET,20,336,0.2502385675907135,0.3741183578968048
ETTh2,DUET,20,336,0.2502385675907135,0.3741183578968048
ETTh2,DUET,20,720,0.22384034097194672,0.35622599720954895
ETTh2,DUET,20,720,0.22384034097194672,0.35622599720954895
ETTh2,DUET,30,96,0.33136242628097534,0.4327932298183441
ETTh2,DUET,30,96,0.33136242628097534,0.4327932298183441
ETTh2,DUET,30,192,0.35222867131233215,0.4460093677043915
ETTh2,DUET,30,192,0.35222867131233215,0.4460093677043915
ETTh2,DUET,30,336,0.36411288380622864,0.44907909631729126
ETTh2,DUET,30,336,0.36411288380622864,0.44907909631729126
ETTh2,DUET,30,720,0.286569207906723,0.406634122133255
ETTh2,DUET,30,720,0.286569207906723,0.406634122133255
ETTh2,DUET,50,96,0.9007782340049744,0.672020673751831
ETTh2,DUET,50,96,0.9007782340049744,0.672020673751831
ETTh2,DUET,50,192,0.948160707950592,0.675897479057312
ETTh2,DUET,50,192,0.948160707950592,0.675897479057312
ETTh2,DUET,50,336,0.9686124324798584,0.681640625
ETTh2,DUET,50,336,0.9686124324798584,0.681640625
ETTh2,DUET,50,720,1.0204970836639404,0.7063824534416199
ETTh2,DUET,50,720,1.0204970836639404,0.7063824534416199
ETTh2,DUET,80,96,0.7142918109893799,0.573228120803833
ETTh2,DUET,80,96,0.7142918109893799,0.573228120803833
ETTh2,DUET,80,192,0.7604852318763733,0.5914012789726257
ETTh2,DUET,80,192,0.7604852318763733,0.5914012789726257
ETTh2,DUET,80,336,1.5271377563476562,0.8670937418937683
ETTh2,DUET,80,336,1.5271377563476562,0.8670937418937683
ETTh2,DUET,80,720,1.5927437543869019,0.8656373023986816
ETTh2,DUET,80,720,1.5927437543869019,0.8656373023986816
ETTh2,SEED,0,96,0.18259300291538239,0.28897833824157715
ETTh2,SEED,0,192,0.22050578892230988,0.3214794993400574
ETTh2,SEED,0,336,0.2516636550426483,0.348273903131485
ETTh2,SEED,0,720,0.3145204782485962,0.3909260928630829
ETTh2,SEED,5,96,0.1564389318227768,0.2757904827594757
ETTh2,SEED,5,192,0.18820717930793762,0.30584266781806946
ETTh2,SEED,5,336,0.21090881526470184,0.3300096392631531
ETTh2,SEED,5,720,0.2626901865005493,0.3747793436050415
ETTh2,SEED,10,96,0.1364065557718277,0.2622254490852356
ETTh2,SEED,10,192,0.1614009141921997,0.28675001859664917
ETTh2,SEED,10,336,0.18378068506717682,0.3098100423812866
ETTh2,SEED,10,720,0.22587497532367706,0.34660080075263977
ETTh2,SEED,20,96,0.1415501981973648,0.2741003632545471
ETTh2,SEED,20,192,0.159151092171669,0.29334595799446106
ETTh2,SEED,20,336,0.1743616908788681,0.30749526619911194
ETTh2,SEED,20,720,0.2143043875694275,0.34626999497413635
ETTh2,SEED,30,96,0.15281936526298523,0.2847488224506378
ETTh2,SEED,30,192,0.17258980870246887,0.3054673373699188
ETTh2,SEED,30,336,0.19238555431365967,0.32105129957199097
ETTh2,SEED,30,720,0.24047203361988068,0.3647918999195099
ETTh2,SEED,50,96,0.21079762279987335,0.3310076892375946
ETTh2,SEED,50,192,0.2416430562734604,0.3548011779785156
ETTh2,SEED,50,336,0.2846347987651825,0.3805869221687317
ETTh2,SEED,50,720,0.3281724750995636,0.4224761426448822
ETTh2,SEED,80,96,0.6061675548553467,0.530946671962738
ETTh2,SEED,80,192,0.5823012590408325,0.543446958065033
ETTh2,SEED,80,336,0.5585489869117737,0.5380492210388184
ETTh2,SEED,80,720,0.8355220556259155,0.658708393573761
ETTh2,TQNet,0,96,0.1825210005044937,0.286947101354599
ETTh2,TQNet,0,192,0.22049744427204132,0.32078444957733154
ETTh2,TQNet,0,336,0.2439541518688202,0.33988919854164124
ETTh2,TQNet,0,720,0.3010755181312561,0.3827347159385681
ETTh2,TQNet,5,96,0.15893444418907166,0.2789454758167267
ETTh2,TQNet,5,192,0.1873176395893097,0.3054357171058655
ETTh2,TQNet,5,336,0.20920111238956451,0.3241874575614929
ETTh2,TQNet,5,720,0.2644732892513275,0.3730250597000122
ETTh2,TQNet,10,96,0.13865986466407776,0.2632595896720886
ETTh2,TQNet,10,192,0.16636209189891815,0.292105495929718
ETTh2,TQNet,10,336,0.18854594230651855,0.31284093856811523
ETTh2,TQNet,10,720,0.24530470371246338,0.3614821135997772
ETTh2,TQNet,20,96,0.13545455038547516,0.2632445693016052
ETTh2,TQNet,20,192,0.15472981333732605,0.2858351171016693
ETTh2,TQNet,20,336,0.17979313433170319,0.3103818893432617
ETTh2,TQNet,20,720,0.24605128169059753,0.3644789457321167
ETTh2,TQNet,30,96,0.14654815196990967,0.2760346829891205
ETTh2,TQNet,30,192,0.16877616941928864,0.2995408773422241
ETTh2,TQNet,30,336,0.19290465116500854,0.3210628032684326
ETTh2,TQNet,30,720,0.2797376215457916,0.3896837532520294
ETTh2,TQNet,50,96,0.20852193236351013,0.3193509578704834
ETTh2,TQNet,50,192,0.22393187880516052,0.3350123167037964
ETTh2,TQNet,50,336,0.2670036256313324,0.3612144887447357
ETTh2,TQNet,50,720,0.37901169061660767,0.43512725830078125
ETTh2,TQNet,80,96,0.5473484396934509,0.4957693815231323
ETTh2,TQNet,80,192,0.6415389180183411,0.5389530062675476
ETTh2,TQNet,80,336,0.689601480960846,0.554736316204071
ETTh2,TQNet,80,720,1.0397846698760986,0.6691210269927979
ETTh2,TimeFilter,0,96,0.17969852685928345,0.28405821323394775
ETTh2,TimeFilter,0,192,0.22464777529239655,0.32124483585357666
ETTh2,TimeFilter,0,336,0.25691619515419006,0.3448607325553894
ETTh2,TimeFilter,0,720,0.32775455713272095,0.3988565504550934
ETTh2,TimeFilter,5,96,0.15265387296676636,0.27083656191825867
ETTh2,TimeFilter,5,192,0.18540722131729126,0.30018386244773865
ETTh2,TimeFilter,5,336,0.20868560671806335,0.323649138212204
ETTh2,TimeFilter,5,720,0.26974955201148987,0.37444189190864563
ETTh2,TimeFilter,10,96,0.13229063153266907,0.2575158476829529
ETTh2,TimeFilter,10,192,0.15656737983226776,0.2805118262767792
ETTh2,TimeFilter,10,336,0.17519070208072662,0.2977813184261322
ETTh2,TimeFilter,10,720,0.22190843522548676,0.3430159389972687
ETTh2,TimeFilter,20,96,0.1347959339618683,0.26635149121284485
ETTh2,TimeFilter,20,192,0.14984190464019775,0.28121674060821533
ETTh2,TimeFilter,20,336,0.16148990392684937,0.2928638458251953
ETTh2,TimeFilter,20,720,0.2126154899597168,0.34349822998046875
ETTh2,TimeFilter,30,96,0.14331617951393127,0.27635204792022705
ETTh2,TimeFilter,30,192,0.15481574833393097,0.286752313375473
ETTh2,TimeFilter,30,336,0.16944052278995514,0.30008551478385925
ETTh2,TimeFilter,30,720,0.22768354415893555,0.35323211550712585
ETTh2,TimeFilter,50,96,0.19119691848754883,0.313159704208374
ETTh2,TimeFilter,50,192,0.19924472272396088,0.3229597508907318
ETTh2,TimeFilter,50,336,0.2275480479001999,0.3431592285633087
ETTh2,TimeFilter,50,720,0.308305948972702,0.4018693268299103
ETTh2,TimeFilter,80,96,0.44001659750938416,0.45619943737983704
ETTh2,TimeFilter,80,192,0.5338424444198608,0.5135447382926941
ETTh2,TimeFilter,80,336,0.6378899216651917,0.5549441576004028
ETTh2,TimeFilter,80,720,0.8305060863494873,0.6446810960769653
ETTh2,v1,0,96,0.18252088129520416,0.28790637850761414
ETTh2,v1,0,96,0.18054701387882233,0.28714999556541443
ETTh2,v1,0,192,0.22059087455272675,0.32351312041282654
ETTh2,v1,0,192,0.22655116021633148,0.326084166765213
ETTh2,v1,0,336,0.2459176629781723,0.34372782707214355
ETTh2,v1,0,336,0.2502695620059967,0.34570685029029846
ETTh2,v1,0,720,0.31543752551078796,0.39431527256965637
ETTh2,v1,0,720,0.3175400197505951,0.39649373292922974
ETTh2,v1,5,96,0.15900559723377228,0.2784956991672516
ETTh2,v1,5,96,0.15645594894886017,0.274112343788147
ETTh2,v1,5,192,0.1814984679222107,0.30074918270111084
ETTh2,v1,5,192,0.18471115827560425,0.3018682301044464
ETTh2,v1,5,336,0.20839254558086395,0.3277474045753479
ETTh2,v1,5,336,0.2091236561536789,0.3280639052391052
ETTh2,v1,5,720,0.2621217668056488,0.3751697540283203
ETTh2,v1,5,720,0.26060110330581665,0.37085413932800293
ETTh2,v1,10,96,0.13184699416160583,0.2577994167804718
ETTh2,v1,10,96,0.13582633435726166,0.25584450364112854
ETTh2,v1,10,192,0.1563032865524292,0.2803393602371216
ETTh2,v1,10,192,0.15248481929302216,0.2776039242744446
ETTh2,v1,10,336,0.17726647853851318,0.30375567078590393
ETTh2,v1,10,336,0.1758270561695099,0.2981297969818115
ETTh2,v1,10,720,0.22758345305919647,0.3459644317626953
ETTh2,v1,10,720,0.23678040504455566,0.3569101393222809
ETTh2,v1,20,96,0.1236719936132431,0.25215286016464233
ETTh2,v1,20,96,0.12409438192844391,0.2525118887424469
ETTh2,v1,20,192,0.15421141684055328,0.28452974557876587
ETTh2,v1,20,192,0.14683090150356293,0.2787673771381378
ETTh2,v1,20,336,0.16346774995326996,0.29373112320899963
ETTh2,v1,20,336,0.16039492189884186,0.28921839594841003
ETTh2,v1,20,720,0.19890673458576202,0.3296807110309601
ETTh2,v1,20,720,0.2081773430109024,0.34089213609695435
ETTh2,v1,30,96,0.11569955199956894,0.24470087885856628
ETTh2,v1,30,96,0.12396202981472015,0.251493364572525
ETTh2,v1,30,192,0.1488403081893921,0.27895593643188477
ETTh2,v1,30,192,0.14839933812618256,0.27880725264549255
ETTh2,v1,30,336,0.17890018224716187,0.31099840998649597
ETTh2,v1,30,336,0.17350396513938904,0.3000381588935852
ETTh2,v1,30,720,0.24363231658935547,0.365608811378479
ETTh2,v1,30,720,0.2131471335887909,0.3422969579696655
ETTh2,v1,50,96,0.20061326026916504,0.30843645334243774
ETTh2,v1,50,96,0.18230052292346954,0.2975449562072754
ETTh2,v1,50,192,0.22801454365253448,0.3351427912712097
ETTh2,v1,50,192,0.19241933524608612,0.31440380215644836
ETTh2,v1,50,336,0.21267707645893097,0.32982349395751953
ETTh2,v1,50,336,0.25045204162597656,0.35138097405433655
ETTh2,v1,50,720,0.3383382558822632,0.41436731815338135
ETTh2,v1,50,720,0.3088039755821228,0.3985670208930969
ETTh2,v1,80,96,0.6093654632568359,0.5137848258018494
ETTh2,v1,80,96,0.7787723541259766,0.5435548424720764
ETTh2,v1,80,192,0.9440380930900574,0.6035721898078918
ETTh2,v1,80,192,0.6757922172546387,0.5565813779830933
ETTh2,v1,80,336,0.7800593376159668,0.570519745349884
ETTh2,v1,80,336,0.8368523716926575,0.6148467659950256
ETTh2,v1,80,720,0.9123991131782532,0.6463440656661987
ETTh2,v1,80,720,0.8993505239486694,0.6481066346168518
ETTm1,DUET,0,96,0.3832123577594757,0.4117763042449951
ETTm1,DUET,0,96,0.3832123577594757,0.4117763042449951
ETTm1,DUET,0,192,0.45670443773269653,0.4509611427783966
ETTm1,DUET,0,192,0.45670443773269653,0.4509611427783966
ETTm1,DUET,0,336,0.5166199803352356,0.4918352961540222
ETTm1,DUET,0,336,0.5166199803352356,0.4918352961540222
ETTm1,DUET,0,720,0.5926699638366699,0.5465978980064392
ETTm1,DUET,0,720,0.5926699638366699,0.5465978980064392
ETTm1,DUET,5,96,0.38759127259254456,0.42176708579063416
ETTm1,DUET,5,96,0.38759127259254456,0.42176708579063416
ETTm1,DUET,5,192,0.449495404958725,0.4586524963378906
ETTm1,DUET,5,192,0.449495404958725,0.4586524963378906
ETTm1,DUET,5,336,0.5083677172660828,0.4882583022117615
ETTm1,DUET,5,336,0.5083677172660828,0.4882583022117615
ETTm1,DUET,5,720,0.5817975997924805,0.5399254560470581
ETTm1,DUET,5,720,0.5817975997924805,0.5399254560470581
ETTm1,DUET,10,96,0.3955722451210022,0.4311704635620117
ETTm1,DUET,10,96,0.3955722451210022,0.4311704635620117
ETTm1,DUET,10,192,0.46509504318237305,0.4633423089981079
ETTm1,DUET,10,192,0.46509504318237305,0.4633423089981079
ETTm1,DUET,10,336,0.4893988370895386,0.4820807874202728
ETTm1,DUET,10,336,0.4893988370895386,0.4820807874202728
ETTm1,DUET,10,720,0.5689375996589661,0.5348212718963623
ETTm1,DUET,10,720,0.5689375996589661,0.5348212718963623
ETTm1,DUET,20,96,0.429164320230484,0.4547822177410126
ETTm1,DUET,20,96,0.429164320230484,0.4547822177410126
ETTm1,DUET,20,192,0.46950897574424744,0.4708436131477356
ETTm1,DUET,20,192,0.46950897574424744,0.4708436131477356
ETTm1,DUET,20,336,0.5312857031822205,0.5044212341308594
ETTm1,DUET,20,336,0.5312857031822205,0.5044212341308594
ETTm1,DUET,20,720,0.615149974822998,0.5534493923187256
ETTm1,DUET,20,720,0.615149974822998,0.5534493923187256
ETTm1,DUET,30,96,0.4366070032119751,0.45781850814819336
ETTm1,DUET,30,96,0.4366070032119751,0.45781850814819336
ETTm1,DUET,30,192,0.5159869194030762,0.4886147379875183
ETTm1,DUET,30,192,0.5159869194030762,0.4886147379875183
ETTm1,DUET,30,336,0.5516536831855774,0.5166732668876648
ETTm1,DUET,30,336,0.5516536831855774,0.5166732668876648
ETTm1,DUET,30,720,0.6357283592224121,0.5672167539596558
ETTm1,DUET,30,720,0.6357283592224121,0.5672167539596558
ETTm1,DUET,50,96,0.5639836192131042,0.5172246694564819
ETTm1,DUET,50,96,0.5639836192131042,0.5172246694564819
ETTm1,DUET,50,192,0.6774536967277527,0.5752150416374207
ETTm1,DUET,50,192,0.6774536967277527,0.5752150416374207
ETTm1,DUET,50,336,0.7282812595367432,0.5930804014205933
ETTm1,DUET,50,336,0.7282812595367432,0.5930804014205933
ETTm1,DUET,50,720,0.8134427666664124,0.6387626528739929
ETTm1,DUET,50,720,0.8134427666664124,0.6387626528739929
ETTm1,DUET,80,96,1.9322978258132935,0.9697502255439758
ETTm1,DUET,80,96,1.9322978258132935,0.9697502255439758
ETTm1,DUET,80,192,2.066833734512329,1.0022797584533691
ETTm1,DUET,80,192,2.066833734512329,1.0022797584533691
ETTm1,DUET,80,336,2.2448925971984863,1.0520193576812744
ETTm1,DUET,80,336,2.2448925971984863,1.0520193576812744
ETTm1,DUET,80,720,2.291146755218506,1.0696086883544922
ETTm1,DUET,80,720,2.291146755218506,1.0696086883544922
ETTm1,SEED,0,96,0.39059004187583923,0.4105042815208435
ETTm1,SEED,0,192,0.4364227056503296,0.4418767988681793
ETTm1,SEED,0,336,0.49428418278694153,0.47902360558509827
ETTm1,SEED,0,720,0.5537674427032471,0.5224044919013977
ETTm1,SEED,5,96,0.3843369483947754,0.41178902983665466
ETTm1,SEED,5,192,0.4253688454627991,0.43598559498786926
ETTm1,SEED,5,336,0.48073580861091614,0.4726007282733917
ETTm1,SEED,5,720,0.5502256751060486,0.5187063217163086
ETTm1,SEED,10,96,0.3757592737674713,0.4103894829750061
ETTm1,SEED,10,192,0.421946257352829,0.43585166335105896
ETTm1,SEED,10,336,0.4797397255897522,0.4718634784221649
ETTm1,SEED,10,720,0.5444023609161377,0.5155219435691833
ETTm1,SEED,20,96,0.4038715660572052,0.4274548888206482
ETTm1,SEED,20,192,0.4430994689464569,0.4476173520088196
ETTm1,SEED,20,336,0.4947303831577301,0.4771784245967865
ETTm1,SEED,20,720,0.5630397796630859,0.5204629302024841
ETTm1,SEED,30,96,0.4123567044734955,0.4332144856452942
ETTm1,SEED,30,192,0.45947518944740295,0.45514819025993347
ETTm1,SEED,30,336,0.5152769088745117,0.48444637656211853
ETTm1,SEED,30,720,0.594043493270874,0.5346652269363403
ETTm1,SEED,50,96,0.5143167972564697,0.4849092364311218
ETTm1,SEED,50,192,0.5794118046760559,0.5108073353767395
ETTm1,SEED,50,336,0.640336275100708,0.5393860936164856
ETTm1,SEED,50,720,0.7572607398033142,0.6040107011795044
ETTm1,SEED,80,720,2.107269525527954,0.9975979328155518
ETTm1,TQNet,0,96,0.3776756823062897,0.40040820837020874
ETTm1,TQNet,0,192,0.4225175082683563,0.4283602833747864
ETTm1,TQNet,0,336,0.48380663990974426,0.46715354919433594
ETTm1,TQNet,0,720,0.5508646965026855,0.5163244605064392
ETTm1,TQNet,5,96,0.3637496531009674,0.3959895670413971
ETTm1,TQNet,5,192,0.41914087533950806,0.4287329912185669
ETTm1,TQNet,5,336,0.48046645522117615,0.46681681275367737
ETTm1,TQNet,5,720,0.5562987327575684,0.514519453048706
ETTm1,TQNet,10,96,0.36283236742019653,0.39993953704833984
ETTm1,TQNet,10,192,0.4145815372467041,0.4292941093444824
ETTm1,TQNet,10,336,0.47483229637145996,0.4648117125034332
ETTm1,TQNet,10,720,0.5489242076873779,0.5090109705924988
ETTm1,TQNet,20,96,0.3848210871219635,0.4140331745147705
ETTm1,TQNet,20,192,0.4359090328216553,0.4426206946372986
ETTm1,TQNet,20,336,0.49561864137649536,0.4742666780948639
ETTm1,TQNet,20,720,0.5633446574211121,0.5180743336677551
ETTm1,TQNet,30,96,0.39290863275527954,0.4225449562072754
ETTm1,TQNet,30,192,0.4526115357875824,0.4517310559749603
ETTm1,TQNet,30,336,0.512931764125824,0.4833957850933075
ETTm1,TQNet,30,720,0.5744297504425049,0.524010181427002
ETTm1,TQNet,50,96,0.5117766857147217,0.4873482882976532
ETTm1,TQNet,50,192,0.5746719837188721,0.5111173391342163
ETTm1,TQNet,50,336,0.6398862600326538,0.5415645241737366
ETTm1,TQNet,50,720,0.7197823524475098,0.5860399603843689
ETTm1,TQNet,80,96,1.4085216522216797,0.7999911904335022
ETTm1,TQNet,80,192,1.550140619277954,0.8371467590332031
ETTm1,TQNet,80,336,1.6873029470443726,0.8779732584953308
ETTm1,TQNet,80,720,1.878440260887146,0.9379231333732605
ETTm1,TimeFilter,0,96,0.3904407024383545,0.4049052894115448
ETTm1,TimeFilter,0,192,0.44350796937942505,0.4386262595653534
ETTm1,TimeFilter,0,336,0.4981631338596344,0.47463512420654297
ETTm1,TimeFilter,0,720,0.5632343292236328,0.5144428610801697
ETTm1,TimeFilter,5,96,0.3783351182937622,0.40572381019592285
ETTm1,TimeFilter,5,192,0.42580747604370117,0.43210119009017944
ETTm1,TimeFilter,5,336,0.48600471019744873,0.46812114119529724
ETTm1,TimeFilter,5,720,0.5565117597579956,0.5116736888885498
ETTm1,TimeFilter,10,96,0.36441770195961,0.4009169042110443
ETTm1,TimeFilter,10,192,0.4173828363418579,0.42924964427948
ETTm1,TimeFilter,10,336,0.47613632678985596,0.4630310535430908
ETTm1,TimeFilter,10,720,0.5520825386047363,0.5103647708892822
ETTm1,TimeFilter,20,96,0.38792821764945984,0.4163879156112671
ETTm1,TimeFilter,20,192,0.4372601807117462,0.441314697265625
ETTm1,TimeFilter,20,336,0.4929059147834778,0.4717440605163574
ETTm1,TimeFilter,20,720,0.5649710893630981,0.5143414735794067
ETTm1,TimeFilter,30,96,0.40036138892173767,0.42584916949272156
ETTm1,TimeFilter,30,192,0.4552566111087799,0.450753778219223
ETTm1,TimeFilter,30,336,0.5129875540733337,0.4796641767024994
ETTm1,TimeFilter,30,720,0.5898464322090149,0.5269200205802917
ETTm1,TimeFilter,50,96,0.5059217214584351,0.478768914937973
ETTm1,TimeFilter,50,192,0.5795605778694153,0.5078752636909485
ETTm1,TimeFilter,50,336,0.6486210823059082,0.5391415953636169
ETTm1,TimeFilter,50,720,0.7527907490730286,0.5953716039657593
ETTm1,TimeFilter,80,96,1.5757466554641724,0.8186706304550171
ETTm1,TimeFilter,80,192,1.7246692180633545,0.8573917746543884
ETTm1,TimeFilter,80,336,1.8719679117202759,0.9007560014724731
ETTm1,TimeFilter,80,720,2.126011848449707,0.9888503551483154
ETTm1,v1,0,96,0.3853369653224945,0.4043304920196533
ETTm1,v1,0,96,0.3910329043865204,0.4033811688423157
ETTm1,v1,0,192,0.44780296087265015,0.44246307015419006
ETTm1,v1,0,192,0.45148766040802,0.44154003262519836
ETTm1,v1,0,336,0.5069257616996765,0.47420504689216614
ETTm1,v1,0,336,0.5084888935089111,0.47815465927124023
ETTm1,v1,0,720,0.5756428837776184,0.52522212266922
ETTm1,v1,0,720,0.5799763202667236,0.525545597076416
ETTm1,v1,5,96,0.3706735670566559,0.398574560880661
ETTm1,v1,5,96,0.3875381052494049,0.410434365272522
ETTm1,v1,5,192,0.4288572072982788,0.43256860971450806
ETTm1,v1,5,192,0.433898389339447,0.43533843755722046
ETTm1,v1,5,336,0.5076414942741394,0.47493356466293335
ETTm1,v1,5,336,0.49148857593536377,0.46992313861846924
ETTm1,v1,5,720,0.5516298413276672,0.5142567157745361
ETTm1,v1,5,720,0.5530064702033997,0.5118157863616943
ETTm1,v1,10,96,0.38277891278266907,0.41207581758499146
ETTm1,v1,10,96,0.37263545393943787,0.4047703444957733
ETTm1,v1,10,192,0.4121602773666382,0.4285259544849396
ETTm1,v1,10,192,0.41653305292129517,0.4328500032424927
ETTm1,v1,10,336,0.4832697808742523,0.46744808554649353
ETTm1,v1,10,336,0.480287104845047,0.46526703238487244
ETTm1,v1,10,720,0.545354962348938,0.5121826529502869
ETTm1,v1,10,720,0.5540394186973572,0.5163576006889343
ETTm1,v1,20,96,0.39266443252563477,0.41723525524139404
ETTm1,v1,20,96,0.3864904046058655,0.4154922068119049
ETTm1,v1,20,192,0.4289996922016144,0.43808412551879883
ETTm1,v1,20,192,0.43048885464668274,0.43813732266426086
ETTm1,v1,20,336,0.48167937994003296,0.4671272933483124
ETTm1,v1,20,336,0.49187177419662476,0.4744976758956909
ETTm1,v1,20,720,0.5601462721824646,0.5190649628639221
ETTm1,v1,20,720,0.5522598028182983,0.5138981342315674
ETTm1,v1,30,96,0.4071387052536011,0.42954954504966736
ETTm1,v1,30,96,0.3995140492916107,0.42255619168281555
ETTm1,v1,30,192,0.46196675300598145,0.4588361084461212
ETTm1,v1,30,192,0.44541481137275696,0.4522331953048706
ETTm1,v1,30,336,0.5143489837646484,0.4879361093044281
ETTm1,v1,30,336,0.5092180371284485,0.4857369065284729
ETTm1,v1,30,720,0.5800274610519409,0.5297430753707886
ETTm1,v1,30,720,0.5707055926322937,0.5251889228820801
ETTm1,v1,50,96,0.5042349100112915,0.48359444737434387
ETTm1,v1,50,96,0.4772701859474182,0.46735668182373047
ETTm1,v1,50,192,0.5597073435783386,0.5057104825973511
ETTm1,v1,50,192,0.5553441047668457,0.5046764016151428
ETTm1,v1,50,336,0.6270613074302673,0.5389836430549622
ETTm1,v1,50,336,0.6409271955490112,0.5458930134773254
ETTm1,v1,50,720,0.7340773344039917,0.594903826713562
ETTm1,v1,50,720,0.7324654459953308,0.59543377161026
ETTm1,v1,80,96,1.3794419765472412,0.7933400273323059
ETTm1,v1,80,96,1.391018033027649,0.792219340801239
ETTm1,v1,80,192,1.5877727270126343,0.8508799076080322
ETTm1,v1,80,192,1.5350806713104248,0.8283518552780151
ETTm1,v1,80,336,1.6635936498641968,0.8691350817680359
ETTm1,v1,80,336,1.6853678226470947,0.8788871169090271
ETTm1,v1,80,720,1.8795276880264282,0.9381643533706665
ETTm1,v1,80,720,1.952531099319458,0.9637984037399292
ETTm2,DUET,0,96,0.1244242936372757,0.24272681772708893
ETTm2,DUET,0,96,0.1244242936372757,0.24272681772708893
ETTm2,DUET,0,192,0.15757906436920166,0.2698650360107422
ETTm2,DUET,0,192,0.15757906436920166,0.2698650360107422
ETTm2,DUET,0,336,0.19513770937919617,0.3009047508239746
ETTm2,DUET,0,336,0.19513770937919617,0.3009047508239746
ETTm2,DUET,0,720,0.2820926606655121,0.3641541004180908
ETTm2,DUET,0,720,0.2820926606655121,0.3641541004180908
ETTm2,DUET,5,96,0.11580585688352585,0.2432042807340622
ETTm2,DUET,5,96,0.11580585688352585,0.2432042807340622
ETTm2,DUET,5,192,0.1353110522031784,0.2614695429801941
ETTm2,DUET,5,192,0.1353110522031784,0.2614695429801941
ETTm2,DUET,5,336,0.15989074110984802,0.2778289318084717
ETTm2,DUET,5,336,0.15989074110984802,0.2778289318084717
ETTm2,DUET,5,720,0.2053551971912384,0.3152742087841034
ETTm2,DUET,5,720,0.2053551971912384,0.3152742087841034
ETTm2,DUET,10,96,0.11435064673423767,0.2469813972711563
ETTm2,DUET,10,96,0.11435064673423767,0.2469813972711563
ETTm2,DUET,10,192,0.1304069459438324,0.26279962062835693
ETTm2,DUET,10,192,0.1304069459438324,0.26279962062835693
ETTm2,DUET,10,336,0.151647686958313,0.28194600343704224
ETTm2,DUET,10,336,0.151647686958313,0.28194600343704224
ETTm2,DUET,10,720,0.18888826668262482,0.3130049407482147
ETTm2,DUET,10,720,0.18888826668262482,0.3130049407482147
ETTm2,DUET,20,96,0.18839392066001892,0.3169736862182617
ETTm2,DUET,20,96,0.18839392066001892,0.3169736862182617
ETTm2,DUET,20,192,0.20149925351142883,0.32957980036735535
ETTm2,DUET,20,192,0.20149925351142883,0.32957980036735535
ETTm2,DUET,20,336,0.12704262137413025,0.25709158182144165
ETTm2,DUET,20,336,0.12704262137413025,0.25709158182144165
ETTm2,DUET,20,720,0.2482382208108902,0.37128183245658875
ETTm2,DUET,20,720,0.2482382208108902,0.37128183245658875
ETTm2,DUET,30,96,0.09696253389120102,0.22921693325042725
ETTm2,DUET,30,96,0.09696253389120102,0.22921693325042725
ETTm2,DUET,30,192,0.1167118102312088,0.24967077374458313
ETTm2,DUET,30,192,0.1167118102312088,0.24967077374458313
ETTm2,DUET,30,336,0.12205073982477188,0.25094881653785706
ETTm2,DUET,30,336,0.12205073982477188,0.25094881653785706
ETTm2,DUET,30,720,0.3886760473251343,0.45121654868125916
ETTm2,DUET,30,720,0.3886760473251343,0.45121654868125916
ETTm2,DUET,50,96,0.1143576055765152,0.24852558970451355
ETTm2,DUET,50,96,0.1143576055765152,0.24852558970451355
ETTm2,DUET,50,192,0.12929515540599823,0.26244115829467773
ETTm2,DUET,50,192,0.12929515540599823,0.26244115829467773
ETTm2,DUET,50,336,0.15660719573497772,0.2866142988204956
ETTm2,DUET,50,336,0.15660719573497772,0.2866142988204956
ETTm2,DUET,50,720,0.18608683347702026,0.3157821595668793
ETTm2,DUET,50,720,0.18608683347702026,0.3157821595668793
ETTm2,DUET,80,96,0.6658589243888855,0.5297064781188965
ETTm2,DUET,80,96,0.6658589243888855,0.5297064781188965
ETTm2,DUET,80,192,0.631059467792511,0.5294549465179443
ETTm2,DUET,80,192,0.631059467792511,0.5294549465179443
ETTm2,DUET,80,336,0.7384403944015503,0.5543568134307861
ETTm2,DUET,80,336,0.7384403944015503,0.5543568134307861
ETTm2,DUET,80,720,0.8710016012191772,0.6027154326438904
ETTm2,DUET,80,720,0.8710016012191772,0.6027154326438904
ETTm2,SEED,0,96,0.11397790908813477,0.22908291220664978
ETTm2,SEED,0,192,0.14676161110401154,0.2607755959033966
ETTm2,SEED,0,336,0.186034694314003,0.29282599687576294
ETTm2,SEED,0,720,0.2396591454744339,0.33214446902275085
ETTm2,SEED,5,96,0.09922730177640915,0.2191639393568039
ETTm2,SEED,5,336,0.14994357526302338,0.26859962940216064
ETTm2,SEED,5,720,0.19537107646465302,0.3073611557483673
ETTm2,SEED,10,96,0.08735420554876328,0.2077571004629135
ETTm2,SEED,10,192,0.10573815554380417,0.2298160344362259
ETTm2,SEED,10,336,0.1286514699459076,0.25136566162109375
ETTm2,SEED,10,720,0.1660691201686859,0.2864140272140503
ETTm2,SEED,20,96,0.08874988555908203,0.21281689405441284
ETTm2,SEED,20,192,0.10524097830057144,0.23197385668754578
ETTm2,SEED,20,336,0.12445373088121414,0.2525862455368042
ETTm2,SEED,20,720,0.1601106822490692,0.28872692584991455
ETTm2,SEED,30,96,0.10868789255619049,0.23393061757087708
ETTm2,SEED,30,192,0.12272495776414871,0.25045156478881836
ETTm2,SEED,30,336,0.1387506127357483,0.2672242522239685
ETTm2,SEED,30,720,0.1734762191772461,0.3011152446269989
ETTm2,SEED,50,96,0.1699570119380951,0.29613953828811646
ETTm2,SEED,50,192,0.17269182205200195,0.2984647750854492
ETTm2,SEED,50,336,0.1981157660484314,0.32076209783554077
ETTm2,SEED,50,720,0.22870442271232605,0.34922969341278076
ETTm2,SEED,80,96,0.33217620849609375,0.38540804386138916
ETTm2,SEED,80,192,0.383412629365921,0.4167863130569458
ETTm2,SEED,80,336,0.44183865189552307,0.45610207319259644
ETTm2,SEED,80,720,0.5455352067947388,0.49942219257354736
ETTm2,TQNet,0,96,0.11763526499271393,0.22771477699279785
ETTm2,TQNet,0,192,0.15056964755058289,0.2609553337097168
ETTm2,TQNet,0,336,0.18811096251010895,0.29060453176498413
ETTm2,TQNet,0,720,0.23568180203437805,0.32732710242271423
ETTm2,TQNet,5,96,0.09942379593849182,0.2151111215353012
ETTm2,TQNet,5,192,0.12223270535469055,0.23981885612010956
ETTm2,TQNet,5,336,0.15235480666160583,0.26876235008239746
ETTm2,TQNet,5,720,0.19557158648967743,0.3055313229560852
ETTm2,TQNet,10,96,0.08378099650144577,0.19946818053722382
ETTm2,TQNet,10,192,0.10424874722957611,0.22437016665935516
ETTm2,TQNet,10,336,0.12700307369232178,0.2476162165403366
ETTm2,TQNet,10,720,0.16597183048725128,0.28525471687316895
ETTm2,TQNet,20,96,0.08117996901273727,0.19877855479717255
ETTm2,TQNet,20,192,0.10032270848751068,0.22306481003761292
ETTm2,TQNet,20,336,0.11836638301610947,0.24194765090942383
ETTm2,TQNet,20,720,0.15703557431697845,0.2802804112434387
ETTm2,TQNet,30,96,0.09016966074705124,0.21098864078521729
ETTm2,TQNet,30,192,0.10635825246572495,0.23045951128005981
ETTm2,TQNet,30,336,0.12479303032159805,0.25108760595321655
ETTm2,TQNet,30,720,0.16411998867988586,0.28725817799568176
ETTm2,TQNet,50,96,0.12713171541690826,0.2505802512168884
ETTm2,TQNet,50,192,0.14946816861629486,0.2674105167388916
ETTm2,TQNet,50,336,0.16103607416152954,0.2811732888221741
ETTm2,TQNet,50,720,0.20624284446239471,0.3194456994533539
ETTm2,TQNet,80,96,0.296876460313797,0.34854987263679504
ETTm2,TQNet,80,192,0.33034926652908325,0.37182679772377014
ETTm2,TQNet,80,336,0.4125334322452545,0.4159810245037079
ETTm2,TQNet,80,720,0.5083335041999817,0.4630042612552643
ETTm2,TimeFilter,0,96,0.11750029772520065,0.23300188779830933
ETTm2,TimeFilter,0,192,0.14682431519031525,0.26103585958480835
ETTm2,TimeFilter,0,336,0.18223491311073303,0.2905872166156769
ETTm2,TimeFilter,0,720,0.23922038078308105,0.33154061436653137
ETTm2,TimeFilter,5,96,0.10189587622880936,0.22148564457893372
ETTm2,TimeFilter,5,192,0.12428848445415497,0.24572347104549408
ETTm2,TimeFilter,5,336,0.15175467729568481,0.26908111572265625
ETTm2,TimeFilter,5,720,0.19660574197769165,0.3061419129371643
ETTm2,TimeFilter,10,96,0.09025534987449646,0.2113189846277237
ETTm2,TimeFilter,10,192,0.10735825449228287,0.23151078820228577
ETTm2,TimeFilter,10,336,0.13067269325256348,0.2530006468296051
ETTm2,TimeFilter,10,720,0.16629242897033691,0.2850007116794586
ETTm2,TimeFilter,20,96,0.09401175379753113,0.21853916347026825
ETTm2,TimeFilter,20,192,0.10886646807193756,0.2355804443359375
ETTm2,TimeFilter,20,336,0.1268853098154068,0.2535509765148163
ETTm2,TimeFilter,20,720,0.15698949992656708,0.28456082940101624
ETTm2,TimeFilter,30,96,0.11142829060554504,0.23603881895542145
ETTm2,TimeFilter,30,192,0.1240808367729187,0.2505597472190857
ETTm2,TimeFilter,30,336,0.1397620588541031,0.2652764618396759
ETTm2,TimeFilter,30,720,0.17155961692333221,0.2974384129047394
ETTm2,TimeFilter,50,96,0.15285640954971313,0.2745823562145233
ETTm2,TimeFilter,50,192,0.16756227612495422,0.28874292969703674
ETTm2,TimeFilter,50,336,0.1897563338279724,0.3057324290275574
ETTm2,TimeFilter,50,720,0.23038697242736816,0.34390532970428467
ETTm2,TimeFilter,80,96,0.2944440543651581,0.35982242226600647
ETTm2,TimeFilter,80,192,0.31296318769454956,0.3715568780899048
ETTm2,TimeFilter,80,336,0.3701542615890503,0.4048672318458557
ETTm2,TimeFilter,80,720,0.848636269569397,0.6230466365814209
ETTm2,v1,0,96,0.11939778923988342,0.2299353927373886
ETTm2,v1,0,96,0.11528234928846359,0.22843186557292938
ETTm2,v1,0,192,0.1506163328886032,0.2630009949207306
ETTm2,v1,0,192,0.14831799268722534,0.261058509349823
ETTm2,v1,0,336,0.18828795850276947,0.29420867562294006
ETTm2,v1,0,336,0.18598824739456177,0.28890761733055115
ETTm2,v1,0,720,0.2394132912158966,0.3316168189048767
ETTm2,v1,0,720,0.24325083196163177,0.33345457911491394
ETTm2,v1,5,96,0.09765559434890747,0.21185575425624847
ETTm2,v1,5,96,0.09920332580804825,0.2169966995716095
ETTm2,v1,5,192,0.11859530210494995,0.23659174144268036
ETTm2,v1,5,192,0.12039131671190262,0.23845145106315613
ETTm2,v1,5,336,0.15272016823291779,0.26773446798324585
ETTm2,v1,5,336,0.14979730546474457,0.2663915455341339
ETTm2,v1,5,720,0.19035063683986664,0.30301162600517273
ETTm2,v1,5,720,0.19059772789478302,0.30187201499938965
ETTm2,v1,10,96,0.08383770287036896,0.20225057005882263
ETTm2,v1,10,96,0.0842009112238884,0.20205248892307281
ETTm2,v1,10,192,0.10111252218484879,0.2236558496952057
ETTm2,v1,10,192,0.10335297137498856,0.22677595913410187
ETTm2,v1,10,336,0.12691715359687805,0.24867866933345795
ETTm2,v1,10,336,0.1280646175146103,0.25077635049819946
ETTm2,v1,10,720,0.16933892667293549,0.2888413071632385
ETTm2,v1,10,720,0.1640295833349228,0.2835116386413574
ETTm2,v1,20,96,0.0758640393614769,0.19569240510463715
ETTm2,v1,20,96,0.07910191267728806,0.20074623823165894
ETTm2,v1,20,192,0.09150805324316025,0.21526744961738586
ETTm2,v1,20,192,0.09388849884271622,0.2181844264268875
ETTm2,v1,20,336,0.11412923038005829,0.24021662771701813
ETTm2,v1,20,336,0.11050611734390259,0.2335716038942337
ETTm2,v1,20,720,0.1492362767457962,0.27302286028862
ETTm2,v1,20,720,0.14941440522670746,0.2757146656513214
ETTm2,v1,30,96,0.07733907550573349,0.19693440198898315
ETTm2,v1,30,96,0.07516377419233322,0.19263756275177002
ETTm2,v1,30,192,0.08955211192369461,0.21094347536563873
ETTm2,v1,30,192,0.10116779059171677,0.22853843867778778
ETTm2,v1,30,336,0.11691126227378845,0.246306374669075
ETTm2,v1,30,336,0.11085110902786255,0.234371155500412
ETTm2,v1,30,720,0.14602912962436676,0.2698327898979187
ETTm2,v1,30,720,0.15649260580539703,0.2812395691871643
ETTm2,v1,50,96,0.08445726335048676,0.20846618711948395
ETTm2,v1,50,96,0.08391455560922623,0.20821025967597961
ETTm2,v1,50,192,0.09807173907756805,0.22377485036849976
ETTm2,v1,50,192,0.10272181034088135,0.2308085560798645
ETTm2,v1,50,336,0.12163177877664566,0.2484855055809021
ETTm2,v1,50,336,0.12138134986162186,0.24785755574703217
ETTm2,v1,50,720,0.15994901955127716,0.28702548146247864
ETTm2,v1,50,720,0.1699916273355484,0.29345375299453735
ETTm2,v1,80,96,0.2556827664375305,0.33590176701545715
ETTm2,v1,80,96,0.2813977897167206,0.35070323944091797
ETTm2,v1,80,192,0.3010677993297577,0.3716461658477783
ETTm2,v1,80,192,0.33417946100234985,0.38851937651634216
ETTm2,v1,80,336,0.3695090115070343,0.4018121063709259
ETTm2,v1,80,336,0.39915862679481506,0.4151066541671753
ETTm2,v1,80,720,0.45543015003204346,0.4499422311782837
ETTm2,v1,80,720,0.4410042464733124,0.4451703429222107
PEMS03,DUET,0,12,0.13817837834358215,0.28684788942337036
PEMS03,DUET,0,24,0.20386314392089844,0.3480534851551056
PEMS03,DUET,0,48,0.255328506231308,0.3721850514411926
PEMS03,DUET,5,12,0.13817837834358215,0.28684788942337036
PEMS03,DUET,5,24,0.20386314392089844,0.3480534851551056
PEMS03,DUET,5,48,0.255328506231308,0.3721850514411926
PEMS03,DUET,10,12,0.13817837834358215,0.28684788942337036
PEMS03,DUET,10,24,0.20386314392089844,0.3480534851551056
PEMS03,DUET,10,48,0.255328506231308,0.3721850514411926
PEMS03,DUET,20,12,0.13817837834358215,0.28684788942337036
PEMS03,DUET,20,24,0.20386314392089844,0.3480534851551056
PEMS03,DUET,20,48,0.255328506231308,0.3721850514411926
PEMS03,DUET,30,12,0.13817837834358215,0.28684788942337036
PEMS03,DUET,30,24,0.20386314392089844,0.3480534851551056
PEMS03,DUET,30,48,0.255328506231308,0.3721850514411926
PEMS03,DUET,50,12,0.13817837834358215,0.28684788942337036
PEMS03,DUET,50,24,0.20386314392089844,0.3480534851551056
PEMS03,DUET,50,48,0.255328506231308,0.3721850514411926
PEMS03,DUET,80,12,0.13817837834358215,0.28684788942337036
PEMS03,DUET,80,24,0.20386314392089844,0.3480534851551056
PEMS03,DUET,80,48,0.255328506231308,0.3721850514411926
PEMS03,SEED,0,12,0.05936379358172417,0.1601671278476715
PEMS03,SEED,0,24,0.07740160822868347,0.18212752044200897
PEMS03,SEED,0,48,0.10989995300769806,0.2182048112154007
PEMS03,SEED,5,12,0.05936379358172417,0.1601671278476715
PEMS03,SEED,5,24,0.07740160822868347,0.18212752044200897
PEMS03,SEED,5,48,0.10989995300769806,0.2182048112154007
PEMS03,SEED,10,12,0.05936379358172417,0.1601671278476715
PEMS03,SEED,10,24,0.07740160822868347,0.18212752044200897
PEMS03,SEED,10,48,0.10989995300769806,0.2182048112154007
PEMS03,SEED,20,12,0.05936379358172417,0.1601671278476715
PEMS03,TQNet,0,12,0.06039419025182724,0.16281504929065704
PEMS03,TQNet,0,24,0.07749619334936142,0.18424952030181885
PEMS03,TQNet,0,48,0.10736348479986191,0.21592408418655396
PEMS03,TQNet,5,12,0.06039419025182724,0.16281504929065704
PEMS03,TQNet,5,24,0.07749619334936142,0.18424952030181885
PEMS03,TQNet,5,48,0.10736348479986191,0.21592408418655396
PEMS03,TQNet,10,12,0.06039419025182724,0.16281504929065704
PEMS03,TQNet,10,24,0.07749619334936142,0.18424952030181885
PEMS03,TQNet,10,48,0.10736348479986191,0.21592408418655396
PEMS03,TQNet,20,12,0.08439771831035614,0.17606154084205627
PEMS03,TQNet,20,24,0.08602390438318253,0.19441208243370056
PEMS03,TQNet,20,48,0.1284235715866089,0.23573338985443115
PEMS03,TQNet,30,12,0.08439771831035614,0.17606154084205627
PEMS03,TQNet,30,24,0.08602390438318253,0.19441208243370056
PEMS03,TQNet,30,48,0.1284235715866089,0.23573338985443115
PEMS03,TQNet,50,12,0.08439771831035614,0.17606154084205627
PEMS03,TQNet,50,24,0.08602390438318253,0.19441208243370056
PEMS03,TQNet,50,48,0.1284235715866089,0.23573338985443115
PEMS03,TQNet,80,12,0.08439771831035614,0.17606154084205627
PEMS03,TQNet,80,24,0.08602390438318253,0.19441208243370056
PEMS03,TQNet,80,48,0.1284235715866089,0.23573338985443115
PEMS03,v1,0,12,0.07031840085983276,0.17771384119987488
PEMS03,v1,0,24,0.09433110058307648,0.20554441213607788
PEMS03,v1,0,48,0.15235590934753418,0.2608315348625183
PEMS03,v1,5,12,0.07025673240423203,0.17764891684055328
PEMS03,v1,5,24,0.09433082491159439,0.20556862652301788
PEMS03,v1,5,48,0.1523621678352356,0.26082688570022583
PEMS03,v1,10,12,0.07026910781860352,0.17765820026397705
PEMS03,v1,10,24,0.09431612491607666,0.20557144284248352
PEMS03,v1,10,48,0.15241742134094238,0.2609075903892517
PEMS03,v1,20,12,0.07031316310167313,0.17772045731544495
PEMS03,v1,20,24,0.09433610737323761,0.20557403564453125
PEMS03,v1,20,48,0.15249040722846985,0.26093631982803345
PEMS03,v1,30,12,0.0702906996011734,0.17766332626342773
PEMS03,v1,30,24,0.09430787712335587,0.20557834208011627
PEMS03,v1,30,48,0.15239432454109192,0.2608567178249359
PEMS03,v1,50,12,0.07028461247682571,0.17765860259532928
PEMS03,v1,50,24,0.09430453181266785,0.20553408563137054
PEMS03,v1,50,48,0.1523686796426773,0.26084092259407043
PEMS03,v1,80,12,0.07031232118606567,0.17771081626415253
PEMS03,v1,80,24,0.09431491047143936,0.2055409997701645
PEMS03,v1,80,48,0.15241865813732147,0.2608822286128998
PEMS04,DUET,0,12,0.13956502079963684,0.28361791372299194
PEMS04,DUET,0,24,0.2473316490650177,0.3795359432697296
PEMS04,DUET,0,48,0.3263803720474243,0.4287010431289673
PEMS04,DUET,5,12,0.13956502079963684,0.28361791372299194
PEMS04,DUET,5,24,0.2473316490650177,0.3795359432697296
PEMS04,DUET,5,48,0.3263803720474243,0.4287010431289673
PEMS04,DUET,10,12,0.13956502079963684,0.28361791372299194
PEMS04,DUET,10,24,0.2473316490650177,0.3795359432697296
PEMS04,DUET,10,48,0.3263803720474243,0.4287010431289673
PEMS04,DUET,20,12,0.13956502079963684,0.28361791372299194
PEMS04,DUET,20,24,0.2473316490650177,0.3795359432697296
PEMS04,DUET,50,12,0.13956502079963684,0.28361791372299194
PEMS04,DUET,50,24,0.2473316490650177,0.3795359432697296
PEMS04,DUET,50,48,0.3263803720474243,0.4287010431289673
PEMS04,SEED,10,12,0.07206112891435623,0.17614810168743134
PEMS04,SEED,20,12,0.07206112891435623,0.17614810168743134
PEMS04,SEED,50,12,0.07206112891435623,0.17614810168743134
PEMS04,TQNet,20,12,0.07198306918144226,0.1761021465063095
PEMS04,TQNet,20,24,0.09088091552257538,0.19962571561336517
PEMS04,TQNet,20,48,0.13207869231700897,0.24225908517837524
PEMS04,TQNet,30,12,0.07198306918144226,0.1761021465063095
PEMS04,TQNet,30,24,0.09088091552257538,0.19962571561336517
PEMS04,TQNet,30,48,0.13207869231700897,0.24225908517837524
PEMS04,TQNet,50,12,0.07198306918144226,0.1761021465063095
PEMS04,TQNet,50,24,0.09088091552257538,0.19962571561336517
PEMS04,TQNet,50,48,0.13207869231700897,0.24225908517837524
PEMS04,TQNet,80,12,0.07198306918144226,0.1761021465063095
PEMS04,TQNet,80,24,0.09088091552257538,0.19962571561336517
PEMS04,TQNet,80,48,0.13207869231700897,0.24225908517837524
PEMS04,v1,0,12,0.07871881127357483,0.18895785510540009
PEMS04,v1,0,24,0.0985841304063797,0.21373285353183746
PEMS04,v1,0,48,0.14658217132091522,0.2635732889175415
PEMS04,v1,5,24,0.09858342260122299,0.21372760832309723
PEMS04,v1,5,48,0.14649689197540283,0.26351219415664673
PEMS04,v1,10,24,0.09858023375272751,0.21372562646865845
PEMS04,v1,10,48,0.1466224491596222,0.2635610103607178
PEMS04,v1,20,24,0.09856437146663666,0.21370744705200195
PEMS04,v1,20,48,0.14657673239707947,0.2635578513145447
PEMS04,v1,30,24,0.0985809788107872,0.21372398734092712
PEMS04,v1,30,48,0.14662042260169983,0.26360437273979187
PEMS04,v1,50,24,0.09857813268899918,0.21372070908546448
PEMS04,v1,50,48,0.14658617973327637,0.2635837495326996
PEMS04,v1,80,24,0.09856920689344406,0.21371419727802277
PEMS04,v1,80,48,0.14659613370895386,0.263590931892395
PEMS07,TQNet,0,12,0.05294043570756912,0.147472083568573
PEMS07,TQNet,0,24,0.06468779593706131,0.16415917873382568
PEMS07,TQNet,0,48,0.0823855772614479,0.1858801692724228
PEMS07,TQNet,5,12,0.05294043570756912,0.147472083568573
PEMS07,TQNet,5,24,0.06468779593706131,0.16415917873382568
PEMS07,TQNet,5,48,0.0823855772614479,0.1858801692724228
PEMS07,TQNet,10,12,0.05294043570756912,0.147472083568573
PEMS07,TQNet,10,24,0.06468779593706131,0.16415917873382568
PEMS07,TQNet,10,48,0.0823855772614479,0.1858801692724228
PEMS07,TQNet,20,12,0.05294043570756912,0.147472083568573
PEMS07,TQNet,20,24,0.06468779593706131,0.16415917873382568
PEMS07,TQNet,20,48,0.0823855772614479,0.1858801692724228
PEMS07,TQNet,30,12,0.05294043570756912,0.147472083568573
PEMS07,TQNet,30,24,0.06468779593706131,0.16415917873382568
PEMS07,TQNet,30,48,0.0823855772614479,0.1858801692724228
PEMS07,TQNet,50,12,0.05294043570756912,0.147472083568573
PEMS07,TQNet,50,24,0.06468779593706131,0.16415917873382568
PEMS07,TQNet,50,48,0.0823855772614479,0.1858801692724228
PEMS07,TQNet,80,12,0.05294043570756912,0.147472083568573
PEMS07,TQNet,80,24,0.06468779593706131,0.16415917873382568
PEMS07,TQNet,80,48,0.0823855772614479,0.1858801692724228
PEMS08,DUET,0,12,0.1432010680437088,0.29049965739250183
PEMS08,DUET,0,24,0.2083994597196579,0.34693074226379395
PEMS08,DUET,0,48,0.3155984580516815,0.42442259192466736
PEMS08,DUET,5,12,0.1432010680437088,0.29049965739250183
PEMS08,DUET,5,24,0.2083994597196579,0.34693074226379395
PEMS08,DUET,5,48,0.3155984580516815,0.42442259192466736
PEMS08,DUET,10,12,0.1432010680437088,0.29049965739250183
PEMS08,DUET,10,24,0.2083994597196579,0.34693074226379395
PEMS08,DUET,10,48,0.3155984580516815,0.42442259192466736
PEMS08,DUET,20,12,0.1432010680437088,0.29049965739250183
PEMS08,DUET,20,24,0.2083994597196579,0.34693074226379395
PEMS08,DUET,20,48,0.3155984580516815,0.42442259192466736
PEMS08,DUET,30,12,0.1432010680437088,0.29049965739250183
PEMS08,DUET,30,24,0.2083994597196579,0.34693074226379395
PEMS08,DUET,30,48,0.3155984580516815,0.42442259192466736
PEMS08,DUET,50,12,0.1432010680437088,0.29049965739250183
PEMS08,DUET,50,24,0.2083994597196579,0.34693074226379395
PEMS08,DUET,50,48,0.3155984580516815,0.42442259192466736
PEMS08,DUET,80,12,0.1432010680437088,0.29049965739250183
PEMS08,DUET,80,24,0.2083994597196579,0.34693074226379395
PEMS08,DUET,80,48,0.3155984580516815,0.42442259192466736
PEMS08,SEED,10,12,0.06333080679178238,0.16327504813671112
PEMS08,SEED,20,12,0.06333080679178238,0.16327504813671112
PEMS08,SEED,50,12,0.06333080679178238,0.16327504813671112
PEMS08,TQNet,20,12,0.07584978640079498,0.18245422840118408
PEMS08,TQNet,20,24,0.11011315882205963,0.2213795781135559
PEMS08,TQNet,20,48,0.18576106429100037,0.29411956667900085
PEMS08,TQNet,30,12,0.07584978640079498,0.18245422840118408
PEMS08,TQNet,30,24,0.11011315882205963,0.2213795781135559
PEMS08,TQNet,30,48,0.18576106429100037,0.29411956667900085
PEMS08,TQNet,50,12,0.07584978640079498,0.18245422840118408
PEMS08,TQNet,50,24,0.11011315882205963,0.2213795781135559
PEMS08,TQNet,50,48,0.18576106429100037,0.29411956667900085
PEMS08,TQNet,80,12,0.07584978640079498,0.18245422840118408
PEMS08,TQNet,80,24,0.11011315882205963,0.2213795781135559
PEMS08,TQNet,80,48,0.18576106429100037,0.29411956667900085
PEMS08,v1,0,12,0.07723918557167053,0.18780581653118134
PEMS08,v1,0,24,0.10788028687238693,0.22059355676174164
PEMS08,v1,0,48,0.15651878714561462,0.27161407470703125
PEMS08,v1,5,12,0.0772310122847557,0.18780000507831573
PEMS08,v1,5,24,0.10784218460321426,0.22060111165046692
PEMS08,v1,5,48,0.15655289590358734,0.27169132232666016
PEMS08,v1,10,12,0.07723884284496307,0.18782007694244385
PEMS08,v1,10,24,0.10786408931016922,0.22062194347381592
PEMS08,v1,10,48,0.15652112662792206,0.27158358693122864
PEMS08,v1,20,12,0.07724520564079285,0.1878257542848587
PEMS08,v1,20,24,0.10792497545480728,0.22064341604709625
PEMS08,v1,20,48,0.156612366437912,0.2717384696006775
PEMS08,v1,30,12,0.07725885510444641,0.18785591423511505
PEMS08,v1,30,24,0.10782096534967422,0.2206069380044937
PEMS08,v1,30,48,0.15651437640190125,0.271602988243103
PEMS08,v1,50,12,0.07726460695266724,0.18787989020347595
PEMS08,v1,50,24,0.10785364359617233,0.2206314206123352
PEMS08,v1,50,48,0.15652213990688324,0.2716492712497711
PEMS08,v1,80,12,0.07723970711231232,0.18782742321491241
PEMS08,v1,80,24,0.10786078870296478,0.22064810991287231
PEMS08,v1,80,48,0.1565919667482376,0.27171793580055237
electricity,v1,10,720,0.18479441106319427,0.2834959328174591
electricity,v1,20,96,0.13376450538635254,0.24033740162849426
electricity,v1,20,192,0.13164003193378448,0.23443786799907684
electricity,v1,20,336,0.14159183204174042,0.2463308572769165
electricity,v1,20,720,0.16560408473014832,0.26476022601127625
electricity,v1,30,96,0.13359205424785614,0.23616443574428558
electricity,v1,30,192,0.1389889419078827,0.24189190566539764
electricity,v1,30,336,0.13289035856723785,0.23466995358467102
electricity,v1,30,720,0.15994104743003845,0.25845885276794434
electricity,v1,50,96,0.14901499450206757,0.24375323951244354
electricity,v1,50,192,0.15703973174095154,0.2478134036064148
electricity,v1,50,336,0.15160658955574036,0.2456437349319458
electricity,v1,50,720,0.17877614498138428,0.2667597234249115
electricity,v1,80,96,0.4010621905326843,0.40570324659347534
electricity,v1,80,192,0.3977387249469757,0.40544795989990234
electricity,v1,80,336,0.4113572835922241,0.4135684669017792
illness,DUET,0,96,2.7931745052337646,1.1485583782196045
illness,DUET,0,96,2.7931745052337646,1.1485583782196045
illness,DUET,5,96,2.841951847076416,1.1660047769546509
illness,DUET,5,96,2.841951847076416,1.1660047769546509
illness,DUET,10,96,2.9119017124176025,1.1627542972564697
illness,DUET,10,96,2.9119017124176025,1.1627542972564697
illness,DUET,20,96,3.2751848697662354,1.223389983177185
illness,DUET,20,96,3.2751848697662354,1.223389983177185
illness,DUET,30,96,2.8792028427124023,1.154069185256958
illness,DUET,30,96,2.8792028427124023,1.154069185256958
illness,DUET,50,96,3.7497429847717285,1.3588076829910278
illness,DUET,50,96,3.7497429847717285,1.3588076829910278
illness,DUET,80,96,16.441852569580078,2.654006004333496
illness,DUET,80,96,16.441852569580078,2.654006004333496
illness,SEED,0,96,2.9220337867736816,1.1913297176361084
illness,SEED,5,96,3.0654568672180176,1.2285109758377075
illness,SEED,10,96,3.3422775268554688,1.2791179418563843
illness,SEED,20,96,3.9726791381835938,1.3901171684265137
illness,SEED,30,96,3.759110689163208,1.3719899654388428
illness,SEED,50,96,5.543886661529541,1.7002092599868774
illness,SEED,80,96,23.163850784301758,3.368581533432007
illness,TimeFilter,0,96,2.166958808898926,1.0326766967773438
illness,TimeFilter,5,96,2.211057186126709,1.0272637605667114
illness,TimeFilter,10,96,2.4219822883605957,1.0444198846817017
illness,TimeFilter,20,96,2.9334514141082764,1.1084961891174316
illness,TimeFilter,30,96,2.7905852794647217,1.0629624128341675
illness,TimeFilter,50,96,3.9946906566619873,1.3144623041152954
illness,TimeFilter,80,96,15.062392234802246,2.4913768768310547
illness,v1,0,96,2.0413475036621094,0.9830216765403748
illness,v1,0,96,2.402808904647827,1.086614727973938
illness,v1,5,96,2.4590437412261963,1.098084807395935
illness,v1,5,96,2.0538558959960938,0.9771268367767334
illness,v1,10,96,2.239114761352539,1.0186357498168945
illness,v1,10,96,2.5644588470458984,1.1119251251220703
illness,v1,20,96,2.5196006298065186,1.0649633407592773
illness,v1,20,96,2.83900785446167,1.1441235542297363
illness,v1,30,96,2.46905255317688,1.0705753564834595
illness,v1,30,96,2.3520281314849854,1.0445196628570557
illness,v1,50,96,2.785536050796509,1.1203826665878296
illness,v1,50,96,3.229830265045166,1.2529889345169067
illness,v1,80,96,14.205668449401855,2.395115852355957
illness,v1,80,96,15.348320007324219,2.5452346801757812
rate,DUET,0,96,0.1206742450594902,0.2399463802576065
rate,DUET,0,96,0.1206742450594902,0.2399463802576065
rate,DUET,0,192,0.24245654046535492,0.32706838846206665
rate,DUET,0,192,0.24245654046535492,0.32706838846206665
rate,DUET,0,336,0.3861343562602997,0.43003320693969727
rate,DUET,0,336,0.3861343562602997,0.43003320693969727
rate,DUET,0,720,0.9163234829902649,0.667427659034729
rate,DUET,0,720,0.9163234829902649,0.667427659034729
rate,DUET,5,96,0.05071963369846344,0.16782493889331818
rate,DUET,5,96,0.05071963369846344,0.16782493889331818
rate,DUET,5,192,0.09611048549413681,0.23420608043670654
rate,DUET,5,192,0.09611048549413681,0.23420608043670654
rate,DUET,5,336,0.1190568059682846,0.2578449845314026
rate,DUET,5,336,0.1190568059682846,0.2578449845314026
rate,DUET,5,720,0.25627583265304565,0.3849428594112396
rate,DUET,5,720,0.25627583265304565,0.3849428594112396
rate,DUET,10,96,0.07525627315044403,0.21456995606422424
rate,DUET,10,96,0.07525627315044403,0.21456995606422424
rate,DUET,10,192,0.08013951778411865,0.21932074427604675
rate,DUET,10,192,0.08013951778411865,0.21932074427604675
rate,DUET,10,336,0.11509320139884949,0.26476165652275085
rate,DUET,10,336,0.11509320139884949,0.26476165652275085
rate,DUET,10,720,0.1740463674068451,0.3243400454521179
rate,DUET,10,720,0.1740463674068451,0.3243400454521179
rate,DUET,20,96,0.07704424858093262,0.22034123539924622
rate,DUET,20,96,0.07704424858093262,0.22034123539924622
rate,DUET,20,192,0.07749795913696289,0.21867269277572632
rate,DUET,20,192,0.07749795913696289,0.21867269277572632
rate,DUET,20,336,0.12153815478086472,0.27487245202064514
rate,DUET,20,336,0.12153815478086472,0.27487245202064514
rate,DUET,20,720,0.11427515000104904,0.2637496292591095
rate,DUET,20,720,0.11427515000104904,0.2637496292591095
rate,DUET,30,96,0.07995305955410004,0.22688885033130646
rate,DUET,30,96,0.07995305955410004,0.22688885033130646
rate,DUET,30,192,0.09348948299884796,0.2396613508462906
rate,DUET,30,192,0.09348948299884796,0.2396613508462906
rate,DUET,30,336,0.15342967212200165,0.30612874031066895
rate,DUET,30,336,0.15342967212200165,0.30612874031066895
rate,DUET,30,720,0.07919807732105255,0.22147241234779358
rate,DUET,30,720,0.07919807732105255,0.22147241234779358
rate,DUET,50,96,0.09856747835874557,0.2528037130832672
rate,DUET,50,96,0.09856747835874557,0.2528037130832672
rate,DUET,50,192,0.21490757167339325,0.3714010715484619
rate,DUET,50,192,0.21490757167339325,0.3714010715484619
rate,DUET,50,336,0.3533242344856262,0.47594428062438965
rate,DUET,50,336,0.3533242344856262,0.47594428062438965
rate,DUET,50,720,0.11639878153800964,0.2781812846660614
rate,DUET,50,720,0.11639878153800964,0.2781812846660614
rate,DUET,80,96,1.3842718601226807,1.0014606714248657
rate,DUET,80,96,1.3842718601226807,1.0014606714248657
rate,DUET,80,192,2.338120937347412,1.3613535165786743
rate,DUET,80,192,2.338120937347412,1.3613535165786743
rate,DUET,80,336,2.819902181625366,1.5080444812774658
rate,DUET,80,336,2.819902181625366,1.5080444812774658
rate,DUET,80,720,0.5079447627067566,0.5869726538658142
rate,DUET,80,720,0.5079447627067566,0.5869726538658142
rate,SEED,0,96,0.12077860534191132,0.21848484873771667
rate,SEED,0,192,0.2189670205116272,0.31399306654930115
rate,SEED,0,336,0.3802962303161621,0.4288349449634552
rate,SEED,0,720,0.8737492561340332,0.6987197399139404
rate,SEED,5,96,0.037142809480428696,0.1412602663040161
rate,SEED,5,192,0.06143002212047577,0.18161675333976746
rate,SEED,5,336,0.0935697928071022,0.2193184643983841
rate,SEED,5,720,0.23451432585716248,0.3576399087905884
rate,SEED,10,96,0.02986091934144497,0.13070321083068848
rate,SEED,10,192,0.045135244727134705,0.15968796610832214
rate,SEED,10,336,0.05841195583343506,0.17675872147083282
rate,SEED,10,720,0.14394928514957428,0.2859992980957031
rate,SEED,20,96,0.02890630252659321,0.13224683701992035
rate,SEED,20,192,0.03871583938598633,0.15238118171691895
rate,SEED,20,336,0.03821737319231033,0.14544560015201569
rate,SEED,20,720,0.08918499946594238,0.22484727203845978
rate,SEED,30,96,0.034180086106061935,0.1423250436782837
rate,SEED,30,192,0.040301065891981125,0.15528158843517303
rate,SEED,30,336,0.028513601049780846,0.1290024071931839
rate,SEED,30,720,0.05478474125266075,0.18018443882465363
rate,SEED,50,96,0.05561656132340431,0.18609264492988586
rate,SEED,50,192,0.059132225811481476,0.191530242562294
rate,SEED,50,336,0.030443299561738968,0.13777589797973633
rate,SEED,50,720,0.04930991679430008,0.17733880877494812
rate,SEED,80,96,0.1876794695854187,0.34862828254699707
rate,SEED,80,192,0.1681056171655655,0.330653578042984
rate,SEED,80,336,0.0815565437078476,0.2281779795885086
rate,SEED,80,720,0.0909733921289444,0.24189044535160065
rate,TQNet,0,96,0.15830805897712708,0.21411772072315216
rate,TQNet,0,192,0.2989824116230011,0.31771814823150635
rate,TQNet,0,336,0.4812451899051666,0.4419521391391754
rate,TQNet,0,720,1.074165940284729,0.7429391741752625
rate,TQNet,5,96,0.02558133751153946,0.11164840310811996
rate,TQNet,5,192,0.05116803199052811,0.16217881441116333
rate,TQNet,5,336,0.09399210661649704,0.22245174646377563
rate,TQNet,5,720,0.24687372148036957,0.3741115629673004
rate,TQNet,10,96,0.016278786584734917,0.09067598730325699
rate,TQNet,10,192,0.03618389740586281,0.1383090764284134
rate,TQNet,10,336,0.06649470329284668,0.19033613801002502
rate,TQNet,10,720,0.18134942650794983,0.3281087279319763
rate,TQNet,20,96,0.022331152111291885,0.11448106169700623
rate,TQNet,20,192,0.033487457782030106,0.1397712379693985
rate,TQNet,20,336,0.054586343467235565,0.17819984257221222
rate,TQNet,20,720,0.12687478959560394,0.27608370780944824
rate,TQNet,30,96,0.032608531415462494,0.1414920836687088
rate,TQNet,30,192,0.03647928312420845,0.14686346054077148
rate,TQNet,30,336,0.046421606093645096,0.1645619124174118
rate,TQNet,30,720,0.10493911802768707,0.25508105754852295
rate,TQNet,50,96,0.06645290553569794,0.2074812799692154
rate,TQNet,50,192,0.07849588990211487,0.22667253017425537
rate,TQNet,50,336,0.09139006584882736,0.2428879737854004
rate,TQNet,50,720,0.1514299064874649,0.3137870728969574
rate,TQNet,80,96,0.1336473971605301,0.27582496404647827
rate,TQNet,80,192,0.2691941261291504,0.40985408425331116
rate,TQNet,80,336,0.24575738608837128,0.38888633251190186
rate,TQNet,80,720,0.33377698063850403,0.46343064308166504
rate,TimeFilter,0,96,0.1393422782421112,0.21898122131824493
rate,TimeFilter,0,192,0.22944162786006927,0.3153349757194519
rate,TimeFilter,0,336,0.4125930070877075,0.4404922425746918
rate,TimeFilter,0,720,0.9844472408294678,0.7364742159843445
rate,TimeFilter,5,96,0.045660894364118576,0.15775412321090698
rate,TimeFilter,5,192,0.07536836713552475,0.20299562811851501
rate,TimeFilter,5,336,0.12389393895864487,0.2618184983730316
rate,TimeFilter,5,720,0.27884364128112793,0.401247501373291
rate,TimeFilter,10,96,0.03823872655630112,0.14880302548408508
rate,TimeFilter,10,192,0.05653964728116989,0.18094763159751892
rate,TimeFilter,10,336,0.08908267319202423,0.2281363159418106
rate,TimeFilter,10,720,0.17310258746147156,0.32592836022377014
rate,TimeFilter,20,96,0.031860921531915665,0.13810481131076813
rate,TimeFilter,20,192,0.045319605618715286,0.16373977065086365
rate,TimeFilter,20,336,0.06542913615703583,0.19590678811073303
rate,TimeFilter,20,720,0.11330029368400574,0.26369938254356384
rate,TimeFilter,30,96,0.03484926372766495,0.14719723165035248
rate,TimeFilter,30,192,0.044717516750097275,0.16602739691734314
rate,TimeFilter,30,336,0.0555240772664547,0.1822778582572937
rate,TimeFilter,30,720,0.08034947514533997,0.224562868475914
rate,TimeFilter,50,96,0.04685492068529129,0.17131169140338898
rate,TimeFilter,50,192,0.05632171034812927,0.18824946880340576
rate,TimeFilter,50,336,0.06861045211553574,0.20718781650066376
rate,TimeFilter,50,720,0.10096139460802078,0.25195997953414917
rate,TimeFilter,80,96,0.10485051572322845,0.25491863489151
rate,TimeFilter,80,192,0.11112544685602188,0.2622111439704895
rate,TimeFilter,80,336,0.13334017992019653,0.28867602348327637
rate,TimeFilter,80,720,0.21682913601398468,0.3671123683452606
rate,v1,0,96,0.1553657501935959,0.22521626949310303
rate,v1,0,96,0.1625540405511856,0.22841763496398926
rate,v1,0,192,0.2593521773815155,0.32171231508255005
rate,v1,0,336,0.4677751958370209,0.45592430233955383
rate,v1,0,720,1.7217061519622803,0.835287868976593
rate,v1,5,96,0.03217997029423714,0.12933579087257385
rate,v1,5,96,0.03272808715701103,0.12988246977329254
rate,v1,5,192,0.05982230231165886,0.1765785664319992
rate,v1,5,336,0.12534171342849731,0.26206648349761963
rate,v1,5,720,0.3102729320526123,0.41743701696395874
rate,v1,10,96,0.02607143111526966,0.12052489072084427
rate,v1,10,96,0.023561352863907814,0.11268522590398788
rate,v1,10,192,0.045334819704294205,0.1588434875011444
rate,v1,10,336,0.07691223919391632,0.2088535875082016
rate,v1,10,720,0.23600801825523376,0.365034818649292
rate,v1,20,96,0.017893346026539803,0.09816989302635193
rate,v1,20,96,0.0175266545265913,0.09910637885332108
rate,v1,20,192,0.027280671522021294,0.12490370869636536
rate,v1,20,336,0.04590673744678497,0.1610838621854782
rate,v1,20,720,0.16126753389835358,0.2897557020187378
rate,v1,30,96,0.013818901963531971,0.0899282842874527
rate,v1,30,96,0.013974667526781559,0.08872003108263016
rate,v1,30,192,0.025665098801255226,0.12002674490213394
rate,v1,30,336,0.0403909832239151,0.14726302027702332
rate,v1,30,720,0.1190500557422638,0.2646772861480713
rate,v1,50,96,0.013684696517884731,0.08849666267633438
rate,v1,50,96,0.016355270519852638,0.09721629321575165
rate,v1,50,192,0.02136416733264923,0.1096343919634819
rate,v1,50,336,0.038218557834625244,0.1491837054491043
rate,v1,50,720,0.09042229503393173,0.23785632848739624
rate,v1,80,96,0.07277991622686386,0.20337627828121185
rate,v1,80,96,0.09195517003536224,0.224779412150383
rate,v1,80,192,0.08898242563009262,0.2269717901945114
rate,v1,80,336,0.12837092578411102,0.27776584029197693
rate,v1,80,720,0.1710941642522812,0.32576948404312134
weather,DUET,0,96,0.16456761956214905,0.21164734661579132
weather,DUET,0,192,0.21532653272151947,0.25498640537261963
weather,DUET,0,336,0.2234639972448349,0.2719864249229431
weather,DUET,0,720,0.27639517188072205,0.3133094012737274
weather,DUET,5,96,0.14057476818561554,0.17915965616703033
weather,DUET,5,192,0.1685362458229065,0.211259126663208
weather,DUET,5,336,0.1839398592710495,0.22596415877342224
weather,DUET,5,720,0.22433677315711975,0.2598281502723694
weather,DUET,10,96,0.13551945984363556,0.17214839160442352
weather,DUET,10,192,0.16119322180747986,0.20331932604312897
weather,DUET,10,336,0.18798641860485077,0.2335771769285202
weather,DUET,10,720,0.21432633697986603,0.25463247299194336
weather,DUET,20,96,0.1462143063545227,0.1930917203426361
weather,DUET,20,192,0.18013206124305725,0.22517190873622894
weather,DUET,20,336,0.1926359087228775,0.23750650882720947
weather,DUET,20,720,0.21235308051109314,0.2550949454307556
weather,DUET,30,96,0.17131249606609344,0.21299616992473602
weather,DUET,30,192,0.18465888500213623,0.22236377000808716
weather,DUET,30,336,0.20169711112976074,0.2384161502122879
weather,DUET,30,720,0.2218814343214035,0.25385919213294983
weather,DUET,50,96,0.23704126477241516,0.23979885876178741
weather,DUET,50,192,0.24908506870269775,0.24655960500240326
weather,DUET,50,336,0.26899951696395874,0.2619679272174835
weather,DUET,50,720,0.3019998371601105,0.2915371358394623
weather,DUET,80,96,0.7234166860580444,0.4400280714035034
weather,DUET,80,192,0.8166369795799255,0.48630625009536743
weather,DUET,80,336,0.8477193713188171,0.4937661290168762
weather,DUET,80,720,0.8948779106140137,0.5296385288238525
weather,SEED,0,96,0.163080632686615,0.19790826737880707
weather,SEED,0,192,0.199059396982193,0.23670756816864014
weather,SEED,0,336,0.2449166476726532,0.27190443873405457
weather,SEED,0,720,0.29042065143585205,0.31344395875930786
weather,SEED,5,96,0.1399388611316681,0.17999500036239624
weather,SEED,5,192,0.16514092683792114,0.20563821494579315
weather,SEED,5,336,0.1882387399673462,0.2274930328130722
weather,SEED,5,720,0.22850404679775238,0.2610076665878296
weather,SEED,10,96,0.13922101259231567,0.17986595630645752
weather,SEED,10,192,0.1608869582414627,0.20116381347179413
weather,SEED,10,336,0.18132063746452332,0.22030383348464966
weather,SEED,10,720,0.21558985114097595,0.2503572702407837
weather,SEED,20,96,0.14167878031730652,0.18022190034389496
weather,SEED,20,192,0.16232630610466003,0.200484499335289
weather,SEED,20,336,0.18132393062114716,0.2206851989030838
weather,SEED,20,720,0.21102456748485565,0.247820183634758
weather,SEED,30,96,0.15584659576416016,0.187863290309906
weather,SEED,30,192,0.174576073884964,0.2044323831796646
weather,SEED,30,336,0.1940208077430725,0.22382478415966034
weather,SEED,30,720,0.2250426709651947,0.24989032745361328
weather,SEED,50,96,0.22692659497261047,0.2225351631641388
weather,SEED,50,192,0.24295344948768616,0.23367711901664734
weather,SEED,50,336,0.2639937996864319,0.25289854407310486
weather,SEED,50,720,0.2895452380180359,0.26845431327819824
weather,SEED,80,96,0.699221670627594,0.4159965217113495
weather,SEED,80,192,0.775700569152832,0.4505492150783539
weather,SEED,80,336,0.783939003944397,0.4519597589969635
weather,SEED,80,720,0.8152742385864258,0.4584804177284241
weather,TQNet,0,96,0.15624849498271942,0.19219405949115753
weather,TQNet,0,192,0.1915370225906372,0.2320394068956375
weather,TQNet,0,336,0.22914844751358032,0.26730525493621826
weather,TQNet,0,720,0.28606635332107544,0.31021106243133545
weather,TQNet,5,96,0.1387908011674881,0.17089985311031342
weather,TQNet,5,192,0.16468365490436554,0.19868411123752594
weather,TQNet,5,336,0.1893249899148941,0.22492241859436035
weather,TQNet,5,720,0.225237175822258,0.2548827826976776
weather,TQNet,10,96,0.13727934658527374,0.17103269696235657
weather,TQNet,10,192,0.15903691947460175,0.19282256066799164
weather,TQNet,10,336,0.1802920252084732,0.21482662856578827
weather,TQNet,10,720,0.21404993534088135,0.2448512315750122
weather,TQNet,20,96,0.13842274248600006,0.1703316867351532
weather,TQNet,20,192,0.15916669368743896,0.18981434404850006
weather,TQNet,20,336,0.17783722281455994,0.20940567553043365
weather,TQNet,20,720,0.207236185669899,0.23789507150650024
weather,TQNet,30,96,0.14913970232009888,0.17150919139385223
weather,TQNet,30,192,0.1693839132785797,0.19098174571990967
weather,TQNet,30,336,0.18610136210918427,0.20835961401462555
weather,TQNet,30,720,0.21585659682750702,0.23591630160808563
weather,TQNet,50,96,0.20784558355808258,0.18725937604904175
weather,TQNet,50,192,0.2335391640663147,0.21252572536468506
weather,TQNet,50,336,0.2500562071800232,0.2260611653327942
weather,TQNet,50,720,0.2832599878311157,0.25226029753685
weather,TQNet,80,96,0.6595110297203064,0.36916589736938477
weather,TQNet,80,192,0.7342453598976135,0.40668362379074097
weather,TQNet,80,336,0.7500935196876526,0.41696521639823914
weather,TQNet,80,720,0.7988151907920837,0.4416709244251251
weather,v1,0,96,0.15903323888778687,0.20076534152030945
weather,v1,0,192,0.19463498890399933,0.23753796517848969
weather,v1,0,336,0.25152912735939026,0.2762937545776367
weather,v1,0,720,0.2826940715312958,0.3128616213798523
weather,v1,5,96,0.14425809681415558,0.18499961495399475
weather,v1,5,192,0.1785733550786972,0.21510909497737885
weather,v1,5,336,0.1982865333557129,0.2353363037109375
weather,v1,5,720,0.23537032306194305,0.2663262188434601
weather,v1,10,96,0.14497631788253784,0.1836528331041336
weather,v1,10,192,0.16693177819252014,0.20762039721012115
weather,v1,10,336,0.18688012659549713,0.22445490956306458
weather,v1,10,720,0.2262915074825287,0.2560823857784271
weather,v1,20,96,0.14124147593975067,0.18007057905197144
weather,v1,20,192,0.16431638598442078,0.20205742120742798
weather,v1,20,336,0.18435296416282654,0.22443456947803497
weather,v1,20,720,0.21173076331615448,0.2436566948890686
weather,v1,30,96,0.1596495509147644,0.18245823681354523
weather,v1,30,192,0.17668522894382477,0.20406678318977356
weather,v1,30,336,0.1938914805650711,0.22348566353321075
weather,v1,30,720,0.22269798815250397,0.2454334944486618
weather,v1,50,96,0.22410012781620026,0.2119847983121872
weather,v1,50,192,0.2442709058523178,0.22820472717285156
weather,v1,50,336,0.26153695583343506,0.24277132749557495
weather,v1,50,720,0.2875559628009796,0.26213011145591736
weather,v1,80,96,0.6770961880683899,0.3851631283760071
weather,v1,80,192,0.7421191930770874,0.39943650364875793
weather,v1,80,336,0.759536623954773,0.42269060015678406
weather,v1,80,720,0.8104522824287415,0.45692557096481323
